[{"id":"9f2cea7a-2147-4a3f-aebf-f0956591c6e8","name":"Services"},
{"id":"026d3aba-4193-442d-97fb-3da46c95bc5d","name":"Marketing"},
{"id":"3b23e955-dea8-4fd9-858b-0515a690ad6c","name":"Human Resources"},
{"id":"469eda61-b88e-4dcb-99cd-aab5e45c1fe8","name":"Financial"},
{"id":"26c446ac-21ea-4fd5-954b-2cc6c71f539f","name":"Sales"},
{"id":"c145efd4-1127-41dd-95e0-c3d5b96207fd","name":"Operational"},
{"id":"f467e5f1-fb74-40bd-9499-83fcad1b51b3","name":"Customer Service"},
{"id":"4e10c31c-dbb5-48e7-9f05-fc9b04cd9c7c","name":"Management"},
{"id":"f8379d72-0a57-4c25-86c8-e9761e4b8086","name":"Engineering"},
{"id":"82dc9f3c-35b4-4813-9e82-98da195b0500","name":"Strategy"}]
