[{"index":0,"id":"a6987240-610f-4dc6-b0a7-3d53d47591ad","firstname":"Benjamin","lastname":"Banks","username":"benjamin.banks","password":"kQ0TuFTEy","birthday":"1984-12-12","started":"2009-11-06","ended":null,"title":"Account Executive","email":"benjamin.banks@extjsdemo.com","skype":"bbanks0","linkedin":"benjamin.banks","gender":"Male","phone":"1-261-555-0107","picture_gender":"men","picture_index":0,"picture":"api/portraits/men/0.jpg","actions":[{"id":"b8a53769-87aa-4e86-91e4-8aa9279c7a3d","type":"email","created":"2017-02-12 14:25:05"},{"id":"6f4e397b-ed84-4589-af4c-2697d48393ec","type":"profile","created":"2017-03-05 08:25:05"}]},
{"index":1,"id":"60975470-d746-44e7-abe6-524a71286233","firstname":"Donald","lastname":"Rodriguez","username":"donald.rodriguez","password":"qIyLRHgo","birthday":"1987-12-30","started":"2007-09-18","ended":null,"title":"Media Manager I","email":"donald.rodriguez@extjsdemo.com","skype":"drodriguez1","linkedin":"donald.rodriguez","gender":"Male","phone":"1-864-555-0138","picture_gender":"men","picture_index":1,"picture":"api/portraits/men/1.jpg","actions":[]},
{"index":2,"id":"56a727eb-6796-4b17-aadf-43fcf90b2e08","firstname":"Philip","lastname":"Harper","username":"philip.harper","password":"c2S41FKxJkDL","birthday":"1971-08-24","started":"2009-11-15","ended":null,"title":"Chemical Engineer","email":"philip.harper@extjsdemo.com","skype":"pharper2","linkedin":"philip.harper","gender":"Male","phone":"1-559-555-0199","picture_gender":"men","picture_index":2,"picture":"api/portraits/men/2.jpg","actions":[{"id":"cb19f9c8-07f2-48f7-9a20-04a2a08d1bcf","type":"linkedin","created":"2017-02-20 14:25:07"},{"id":"244cc219-7845-4234-af88-bbededac4905","type":"phone","created":"2017-02-17 09:25:07"},{"id":"97562163-0191-49aa-aa4d-507517605e34","type":"skype","created":"2017-03-18 11:25:07"},{"id":"0d4fb58b-075e-452a-9e4b-af4510b4632d","type":"linkedin","created":"2017-03-14 10:25:07"},{"id":"9c0d1bce-06b4-4650-89db-d279e487e2e7","type":"phone","created":"2017-03-18 17:25:07"},{"id":"39cdc584-9548-42f9-be62-a37a7a706433","type":"phone","created":"2017-02-11 09:25:07"},{"id":"3419ef6f-6d6a-4588-ac8b-2effa3bc2f7e","type":"linkedin","created":"2017-03-05 01:25:07"},{"id":"7fa2025b-fedb-4f69-879d-aa9d38f1ffa9","type":"email","created":"2017-02-14 06:25:07"},{"id":"c2e776a9-a156-420e-8826-5f1da19788a8","type":"phone","created":"2017-02-16 09:25:07"},{"id":"1281f256-0bae-429f-af23-15ace9688244","type":"email","created":"2017-02-15 03:25:07"},{"id":"99dfcb77-fcd8-4d9c-9aa2-e068f595fcd2","type":"profile","created":"2017-03-19 22:25:07"},{"id":"2abe7b10-5d62-4619-ab8a-3b15c6656274","type":"linkedin","created":"2017-02-19 16:25:07"}]},
{"index":3,"id":"d2e65935-ae08-4c50-b4f4-a6f96803af5e","firstname":"Eric","lastname":"White","username":"eric.white","password":"O99q4p","birthday":"1987-12-22","started":"2012-09-24","ended":null,"title":"VP Sales","email":"eric.white@extjsdemo.com","skype":"ewhite3","linkedin":"eric.white","gender":"Male","phone":"1-590-555-0163","picture_gender":"men","picture_index":3,"picture":"api/portraits/men/3.jpg","actions":[{"id":"6a685a08-5aff-4fac-9d5c-4e7280212039","type":"profile","created":"2017-02-15 10:25:07"},{"id":"e16e6a4b-b578-4eb5-acb7-5db77e53f757","type":"profile","created":"2017-03-12 19:25:07"},{"id":"35e72a31-e998-4e6c-ac7b-e40c8a4b56d3","type":"skype","created":"2017-02-25 13:25:07"},{"id":"f6bca8ad-51c1-4fde-b7b6-ed6d1ac52a5b","type":"profile","created":"2017-02-27 21:25:07"},{"id":"3e1a003e-2f33-473e-b6b0-3240c8482f1f","type":"linkedin","created":"2017-02-10 09:25:07"},{"id":"86bc8d8a-ceec-43a0-98bf-8d31ea8dde4c","type":"linkedin","created":"2017-02-14 13:25:07"},{"id":"55d47139-bc2f-47b9-bb46-5e9d049b9913","type":"phone","created":"2017-02-17 12:25:07"}]},
{"index":4,"id":"fdd77cbb-f67c-4c12-ad6f-188e344f6f89","firstname":"Ronald","lastname":"Richardson","username":"ronald.richardson","password":"7vjSsxN","birthday":"1983-10-07","started":"2011-10-31","ended":null,"title":"Nuclear Power Engineer","email":"ronald.richardson@extjsdemo.com","skype":"rrichardson4","linkedin":"ronald.richardson","gender":"Male","phone":"1-755-555-0111","picture_gender":"men","picture_index":4,"picture":"api/portraits/men/4.jpg","actions":[{"id":"6783c2b5-c59c-462d-bb04-c73f430bf14b","type":"profile","created":"2017-03-22 00:25:07"},{"id":"8e1fe573-6004-43d1-a963-93d0495dba5a","type":"phone","created":"2017-03-14 02:25:07"},{"id":"a00f3318-cc16-486a-a93a-b13481746f7b","type":"linkedin","created":"2017-03-07 15:25:07"},{"id":"a6c49439-7e20-446c-8df9-03ad1abb3981","type":"phone","created":"2017-02-28 03:25:07"},{"id":"323dbbfa-bbcc-4d43-97c7-1273f987360b","type":"skype","created":"2017-03-09 15:25:07"},{"id":"eac45d92-728c-4079-8184-2c8ed2290193","type":"skype","created":"2017-02-28 20:25:07"},{"id":"ea927764-0def-4971-bf4b-b5afc71cfd03","type":"email","created":"2017-02-20 14:25:07"},{"id":"4b993236-7359-4279-9ec7-2190064cae79","type":"profile","created":"2017-02-14 15:25:07"},{"id":"d2760129-d30c-483b-a5be-c24ff4f713fb","type":"linkedin","created":"2017-03-08 06:25:07"}]},
{"index":5,"id":"d0e17ea4-b509-4677-8399-357fe4915c33","firstname":"Daniel","lastname":"Fisher","username":"daniel.fisher","password":"fFKIR8z6hVL","birthday":"1981-06-12","started":"2015-09-11","ended":null,"title":"Clinical Specialist","email":"daniel.fisher@extjsdemo.com","skype":"dfisher5","linkedin":"daniel.fisher","gender":"Male","phone":"1-666-555-0115","picture_gender":"men","picture_index":5,"picture":"api/portraits/men/5.jpg","actions":[{"id":"2f327288-bba8-4390-8aed-538c332b3d4e","type":"profile","created":"2017-03-18 09:25:07"},{"id":"a5a279cc-86d7-44f1-bebd-a539e003b360","type":"skype","created":"2017-02-21 01:25:07"},{"id":"3bfc855f-56c6-4ed3-b2bb-db82c2a58d87","type":"profile","created":"2017-02-26 00:25:07"},{"id":"f0f527f7-5804-45ef-83ca-8ee47cb767e5","type":"profile","created":"2017-03-02 15:25:07"},{"id":"617f354f-eed9-4177-b6c0-0c0fc7dc6c0c","type":"skype","created":"2017-03-11 10:25:07"},{"id":"cf75ac29-0e6d-42a7-a695-d635140cbe32","type":"profile","created":"2017-02-26 22:25:07"},{"id":"21e543ec-c31b-43b9-a20a-4403a9962672","type":"email","created":"2017-02-11 17:25:07"},{"id":"024c66fc-fb7e-492f-8088-452ca7221316","type":"skype","created":"2017-03-15 08:25:07"},{"id":"8905fc9d-fb6c-4ff2-9435-698ce108f79a","type":"phone","created":"2017-02-10 22:25:07"},{"id":"41a1976c-50bf-481b-97d2-95afa1f80f97","type":"skype","created":"2017-03-01 03:25:07"},{"id":"5a27e393-173f-4c4a-b340-0a08fc0dd403","type":"linkedin","created":"2017-03-04 20:25:07"}]},
{"index":6,"id":"01bedfe3-1771-4eb7-b4f6-23778065e153","firstname":"Peter","lastname":"Berry","username":"peter.berry","password":"TfpQztljgz","birthday":"1982-09-22","started":"2014-02-24","ended":null,"title":"General Manager","email":"peter.berry@extjsdemo.com","skype":"pberry6","linkedin":"peter.berry","gender":"Male","phone":"1-290-555-0163","picture_gender":"men","picture_index":6,"picture":"api/portraits/men/6.jpg","actions":[{"id":"528fd003-0fef-4b06-bdd1-8c4ce7eeeddc","type":"profile","created":"2017-02-24 06:25:07"}]},
{"index":7,"id":"6a197e19-d682-48f8-bf6c-24a2ac9b0a55","firstname":"Pat","lastname":"Castillo","username":"pat.castillo","password":"NhXNBDHsCUuX","birthday":"1972-02-24","started":"2009-04-01","ended":null,"title":"Graphic Designer","email":"pat.castillo@extjsdemo.com","skype":"jcastillo7","linkedin":"pat.castillo","gender":"Male","phone":"1-217-555-0149","picture_gender":"men","picture_index":7,"picture":"api/portraits/men/7.jpg","actions":[{"id":"d5f53ebf-361c-43ef-b199-04d8bbb6f9db","type":"phone","created":"2017-02-21 04:25:07"},{"id":"76161016-1be2-4762-b108-279f0b9cca30","type":"linkedin","created":"2017-02-12 15:25:07"},{"id":"a74ae369-2a9b-464e-a657-9b3514f28866","type":"skype","created":"2017-02-12 07:25:07"},{"id":"a4d9c209-b6a0-4db4-b3e0-65b75fa05916","type":"phone","created":"2017-02-27 15:25:07"},{"id":"5acf7104-c43c-468a-94ab-7bceaebe6382","type":"email","created":"2017-02-28 06:25:07"},{"id":"5416cdc5-1115-4ee9-9aa8-4353dd9c2960","type":"skype","created":"2017-03-12 21:25:07"},{"id":"025b0151-54d8-44b8-bc13-ddd9ec50dbe2","type":"skype","created":"2017-03-21 23:25:07"},{"id":"2a2d6805-d16b-4148-875b-2625e7e60be5","type":"skype","created":"2017-03-18 11:25:07"},{"id":"d7e24f69-f93c-4775-8c2b-645362b452be","type":"email","created":"2017-03-02 22:25:07"},{"id":"bec9b266-102a-4fc1-a23e-3f52b56b42f6","type":"linkedin","created":"2017-02-26 21:25:07"},{"id":"cfcabb28-baf8-448d-9db8-02362ee4431e","type":"email","created":"2017-02-21 03:25:07"},{"id":"6bff723d-5cea-41f8-9b3a-afc19ceef178","type":"linkedin","created":"2017-03-03 08:25:07"}]},
{"index":8,"id":"f673395f-8980-4dc9-ba3e-a14b00960749","firstname":"Harry","lastname":"Patterson","username":"harry.patterson","password":"MEQ5yD","birthday":"1969-07-19","started":"2015-05-13","ended":null,"title":"Pharmacist","email":"harry.patterson@extjsdemo.com","skype":"hpatterson8","linkedin":"harry.patterson","gender":"Male","phone":"1-648-555-0156","picture_gender":"men","picture_index":8,"picture":"api/portraits/men/8.jpg","actions":[]},
{"index":9,"id":"fc3fd777-5b0e-48bf-86c8-0cffa407ffc6","firstname":"Nicholas","lastname":"Fisher","username":"nicholas.fisher","password":"pzMuvreg","birthday":"1984-01-12","started":"2009-06-15","ended":null,"title":"Marketing Assistant","email":"nicholas.fisher@extjsdemo.com","skype":"nfisher9","linkedin":"nicholas.fisher","gender":"Male","phone":"1-341-555-0168","picture_gender":"men","picture_index":9,"picture":"api/portraits/men/9.jpg","actions":[{"id":"25f0d5fe-d843-4cd2-bcd2-363aad172438","type":"linkedin","created":"2017-03-14 00:25:07"},{"id":"be6a9963-a293-44e6-9120-f9e21540b58e","type":"profile","created":"2017-02-23 00:25:07"},{"id":"77834bac-b35a-4838-8195-e02b0ec4af81","type":"profile","created":"2017-02-24 13:25:07"},{"id":"a577515c-cf3c-4fe2-8116-41b5ba2f8e44","type":"linkedin","created":"2017-03-23 10:25:07"},{"id":"7417a684-272e-49fc-bf9a-5b6b71e24244","type":"linkedin","created":"2017-03-01 10:25:07"},{"id":"6476f821-f82d-4d74-b2cf-115fdfaab1f4","type":"email","created":"2017-03-18 14:25:07"}]},
{"index":10,"id":"c0f412cd-383f-423c-96f6-37956249b3f2","firstname":"Shawn","lastname":"Greene","username":"shawn.greene","password":"k3HXIEt2SYUu","birthday":"1979-07-16","started":"2009-12-21","ended":null,"title":"Analog Circuit Design manager","email":"shawn.greene@extjsdemo.com","skype":"sgreenea","linkedin":"shawn.greene","gender":"Male","phone":"1-231-555-0155","picture_gender":"men","picture_index":10,"picture":"api/portraits/men/10.jpg","actions":[{"id":"c4fd81d6-c313-4b44-a4b2-fe39676654ec","type":"skype","created":"2017-02-14 22:25:07"}]},
{"index":11,"id":"cbd1bbdb-c460-4ce5-b907-6df3e4da6521","firstname":"Gary","lastname":"Reid","username":"gary.reid","password":"yw6uLipiq4U7","birthday":"1974-08-29","started":"2010-02-19","ended":null,"title":"VP Quality Control","email":"gary.reid@extjsdemo.com","skype":"greidb","linkedin":"gary.reid","gender":"Male","phone":"1-469-555-0146","picture_gender":"men","picture_index":11,"picture":"api/portraits/men/11.jpg","actions":[{"id":"8b1f27fc-db6d-4ab1-878e-0f7742d7207c","type":"phone","created":"2017-02-11 19:25:07"},{"id":"16c03a4c-e25f-4325-968f-a2922f4eeb3d","type":"linkedin","created":"2017-03-22 07:25:07"},{"id":"813ff663-590f-4606-81ab-4a928b6c86f3","type":"profile","created":"2017-03-07 18:25:07"},{"id":"65920f5b-7aaa-4945-839b-1ca1127102f6","type":"profile","created":"2017-03-07 22:25:07"},{"id":"59cfb33a-d73f-414c-b8f8-b085f5988eae","type":"linkedin","created":"2017-03-15 07:25:07"},{"id":"8eaf6c67-8e7c-470e-a245-95bfb7785f94","type":"linkedin","created":"2017-02-19 00:25:07"},{"id":"7c42bb4d-a837-4991-8273-d61bc58c7096","type":"skype","created":"2017-03-05 15:25:07"},{"id":"ef9942b4-2908-4bf9-99be-4fb36fc29480","type":"email","created":"2017-03-07 11:25:07"},{"id":"332ad168-dfd2-4278-b236-5a473c79564b","type":"linkedin","created":"2017-02-26 01:25:07"},{"id":"a4ab980d-b7e1-4a6b-9e37-d4fb60505f8a","type":"phone","created":"2017-03-17 18:25:07"},{"id":"2f2bed45-38e0-4329-a3e7-a32c567c57b0","type":"skype","created":"2017-02-20 14:25:07"}]},
{"index":12,"id":"3c16a067-2366-4852-bf01-e50be1eef8fb","firstname":"Ronald","lastname":"Wallace","username":"ronald.wallace","password":"8uYA3M5","birthday":"1987-07-21","started":"2010-09-02","ended":null,"title":"Compensation Analyst","email":"ronald.wallace@extjsdemo.com","skype":"rwallacec","linkedin":"ronald.wallace","gender":"Male","phone":"1-126-555-0113","picture_gender":"men","picture_index":12,"picture":"api/portraits/men/12.jpg","actions":[{"id":"40df6995-3294-45d9-9499-633881f8a9f0","type":"phone","created":"2017-02-16 02:25:07"}]},
{"index":13,"id":"5d1a9a97-6322-41d3-865b-fe97b51bcae9","firstname":"Brian","lastname":"Armstrong","username":"brian.armstrong","password":"lkYSK1E4gTDo","birthday":"1986-05-26","started":"2015-08-25","ended":null,"title":"Design Engineer","email":"brian.armstrong@extjsdemo.com","skype":"barmstrongd","linkedin":"brian.armstrong","gender":"Male","phone":"1-476-555-0156","picture_gender":"men","picture_index":13,"picture":"api/portraits/men/13.jpg","actions":[]},
{"index":14,"id":"341ccbe3-f8ed-4247-a1e3-8d5bae553b0e","firstname":"Scott","lastname":"Long","username":"scott.long","password":"jhWZIcc","birthday":"1961-12-31","started":"2010-05-19","ended":"2013-04-02","title":"Operator","email":"scott.long@extjsdemo.com","skype":"slonge","linkedin":"scott.long","gender":"Male","phone":"1-595-555-0134","picture_gender":"men","picture_index":14,"picture":"api/portraits/men/14.jpg","actions":[{"id":"0459a969-3b99-4d45-9fdb-8704110707f5","type":"profile","created":"2013-04-01 13:12:10"},{"id":"57221a45-6bc6-4c25-b445-09053b001f23","type":"skype","created":"2013-03-31 00:12:10"},{"id":"2567bbfb-49b5-41ca-a854-7633af8aa8fc","type":"phone","created":"2013-03-24 18:12:10"},{"id":"224fa405-667e-4276-9bf1-aa6199811900","type":"phone","created":"2013-02-26 17:12:10"}]},
{"index":15,"id":"b065b1ec-2723-4f2b-a866-f9aca7849e0f","firstname":"Harry","lastname":"Tucker","username":"harry.tucker","password":"G1eTHxHjZ5oR","birthday":"1981-11-13","started":"2014-05-02","ended":null,"title":"Administrative Officer","email":"harry.tucker@extjsdemo.com","skype":"htuckerf","linkedin":"harry.tucker","gender":"Male","phone":"1-231-555-0198","picture_gender":"men","picture_index":15,"picture":"api/portraits/men/15.jpg","actions":[]},
{"index":16,"id":"4ef17a03-a14e-4d44-96c9-9bc90ffc6dbd","firstname":"Peter","lastname":"Gray","username":"peter.gray","password":"reVPfe","birthday":"1972-11-12","started":"2015-11-02","ended":null,"title":"Desktop Support Technician","email":"peter.gray@extjsdemo.com","skype":"pgrayg","linkedin":"peter.gray","gender":"Male","phone":"1-245-555-0185","picture_gender":"men","picture_index":16,"picture":"api/portraits/men/16.jpg","actions":[{"id":"2afa8538-9c01-4575-ac7c-62313568c945","type":"phone","created":"2017-02-25 14:25:07"},{"id":"330734a7-af36-4cd9-bad8-a7ce2d0afc1a","type":"skype","created":"2017-03-16 07:25:07"},{"id":"4bf03587-4557-4868-a779-f507b6f00b3b","type":"profile","created":"2017-02-24 22:25:07"},{"id":"1b45926b-62f6-4f3a-81a8-ae074007a4ed","type":"skype","created":"2017-02-24 01:25:07"},{"id":"6277f6af-554a-43c4-b4e0-ee69935342d7","type":"email","created":"2017-02-14 02:25:07"},{"id":"024acfce-8d1a-4627-aea4-eaef04bfc1f8","type":"linkedin","created":"2017-03-19 10:25:07"}]},
{"index":17,"id":"e47a73a6-c4b1-414b-a334-3cdf4ee77648","firstname":"Howard","lastname":"Hawkins","username":"howard.hawkins","password":"du7HqTlKvraK","birthday":"1974-12-20","started":"2007-10-09","ended":"2017-02-15","title":"Marketing Assistant","email":"howard.hawkins@extjsdemo.com","skype":"hhawkinsh","linkedin":"howard.hawkins","gender":"Male","phone":"1-978-555-0186","picture_gender":"men","picture_index":17,"picture":"api/portraits/men/17.jpg","actions":[{"id":"11095b62-ddc8-497f-a0eb-efbb6a44c8d6","type":"skype","created":"2017-01-19 04:51:18"},{"id":"9824d299-16e4-4c0f-968e-80c69614b3bd","type":"profile","created":"2017-01-05 20:51:18"},{"id":"6178def6-3640-40f5-8ee9-e6e61d720504","type":"phone","created":"2017-01-14 04:51:18"},{"id":"da9eac78-8c62-4e42-8068-634224d32f28","type":"email","created":"2017-01-26 04:51:18"},{"id":"660e14ab-e92e-409d-a8a3-fd4b5a355c33","type":"email","created":"2017-02-03 16:51:18"},{"id":"a4fc84ba-7447-4bc9-9b85-9db276494dca","type":"skype","created":"2017-01-20 07:51:18"},{"id":"f0cd2946-0442-4fa0-be0a-7e4efecfcedf","type":"skype","created":"2017-02-03 03:51:18"},{"id":"8f4c6d10-6b1b-4036-858d-3f334b3710a7","type":"email","created":"2017-01-29 15:51:18"},{"id":"0086e2f7-a299-4462-8989-f5022aa6d8e1","type":"phone","created":"2017-01-04 23:51:18"},{"id":"4d924de7-3881-4fba-9c37-7702a97cd99d","type":"profile","created":"2017-02-11 09:51:18"},{"id":"f466bae1-05d9-477b-a53d-48e8a0d530f0","type":"phone","created":"2017-02-12 15:51:18"}]},
{"index":18,"id":"1d34b3fe-34fe-4fee-8011-bc2438dc5db4","firstname":"James","lastname":"Roberts","username":"james.roberts","password":"KAcgbDRvM","birthday":"1976-11-12","started":"2015-08-11","ended":"2016-07-05","title":"Internal Auditor","email":"james.roberts@extjsdemo.com","skype":"jrobertsi","linkedin":"james.roberts","gender":"Male","phone":"1-596-555-0110","picture_gender":"men","picture_index":18,"picture":"api/portraits/men/18.jpg","actions":[]},
{"index":19,"id":"24446e41-2b09-47c2-a44a-df26fda02d86","firstname":"Howard","lastname":"Stevens","username":"howard.stevens","password":"MGBsDEXq","birthday":"1981-08-10","started":"2011-09-05","ended":null,"title":"Nurse","email":"howard.stevens@extjsdemo.com","skype":"hstevensj","linkedin":"howard.stevens","gender":"Male","phone":"1-257-555-0146","picture_gender":"men","picture_index":19,"picture":"api/portraits/men/19.jpg","actions":[{"id":"128fdecf-8626-4f24-b7f6-1f71be224d3f","type":"linkedin","created":"2017-03-15 18:25:07"},{"id":"9e662820-4c16-4f9d-baa8-24230744b26d","type":"skype","created":"2017-02-17 22:25:07"},{"id":"b9485e9d-5e0d-4ba5-8e26-a9e0d21b397b","type":"linkedin","created":"2017-02-16 13:25:07"}]},
{"index":20,"id":"20639949-1a91-40d5-9a47-b1e17f8e016b","firstname":"Stephen","lastname":"Morris","username":"stephen.morris","password":"cT0W1EN7s","birthday":"1988-01-05","started":"2015-04-24","ended":null,"title":"Budget/Accounting Analyst I","email":"stephen.morris@extjsdemo.com","skype":"smorrisk","linkedin":"stephen.morris","gender":"Male","phone":"1-381-555-0120","picture_gender":"men","picture_index":20,"picture":"api/portraits/men/20.jpg","actions":[{"id":"c416d4b3-ba82-446e-884f-9a9026cd593a","type":"skype","created":"2017-02-27 12:25:07"},{"id":"9d0262ab-7f11-49d6-a3bc-373edbaf8838","type":"profile","created":"2017-03-02 01:25:07"},{"id":"a0d35b53-6de3-48f2-b7c1-47e6a80be151","type":"profile","created":"2017-03-18 19:25:07"},{"id":"bba642b4-f8d8-4c70-af50-2ab5c5449b65","type":"skype","created":"2017-03-21 17:25:07"},{"id":"529bc05a-c51d-4a0e-a973-0ba305004c81","type":"linkedin","created":"2017-03-03 22:25:07"},{"id":"b634afdb-46e7-435c-99b3-9fe8480c486f","type":"email","created":"2017-03-20 18:25:07"}]},
{"index":21,"id":"0b9c2ecb-a923-4f85-bae8-c98c3de4ded5","firstname":"Philip","lastname":"Evans","username":"philip.evans","password":"L4lgKC6E","birthday":"1966-02-23","started":"2010-03-08","ended":null,"title":"Sales Representative","email":"philip.evans@extjsdemo.com","skype":"pevansl","linkedin":"philip.evans","gender":"Male","phone":"1-004-555-0182","picture_gender":"men","picture_index":21,"picture":"api/portraits/men/21.jpg","actions":[{"id":"3a6f97f3-750a-4e1f-817e-b36369b17a71","type":"phone","created":"2017-02-16 03:25:07"},{"id":"c561b4b0-7c2f-480a-b886-fc70296e22da","type":"profile","created":"2017-02-25 06:25:07"},{"id":"aa025469-6902-4fc2-838d-3da91d998d66","type":"linkedin","created":"2017-02-26 17:25:07"}]},
{"index":22,"id":"edbdcb86-17c7-4886-9ebc-efb640b9d99a","firstname":"Billy","lastname":"Powell","username":"billy.powell","password":"Byxwofu","birthday":"1962-08-16","started":"2006-11-18","ended":null,"title":"Professor","email":"billy.powell@extjsdemo.com","skype":"bpowellm","linkedin":"billy.powell","gender":"Male","phone":"1-873-555-0129","picture_gender":"men","picture_index":22,"picture":"api/portraits/men/22.jpg","actions":[{"id":"0f79a27a-07d4-4d4b-8c0d-50472546d08a","type":"email","created":"2017-02-19 06:25:07"},{"id":"75bbce0f-5d5b-4a18-b6f6-97b98e64e6f1","type":"email","created":"2017-03-07 22:25:07"},{"id":"5d6dc4f6-2171-4a0f-a0f2-143447a0697d","type":"linkedin","created":"2017-03-16 12:25:07"},{"id":"c632db9e-4388-45aa-ad90-85a0d446345f","type":"phone","created":"2017-03-02 02:25:07"}]},
{"index":23,"id":"ff68dca6-9b5a-4c7a-b375-0ff75a3b169d","firstname":"Jonathan","lastname":"Morgan","username":"jonathan.morgan","password":"NAY2GlspVZkS","birthday":"1988-11-19","started":"2006-06-24","ended":null,"title":"Speech Pathologist","email":"jonathan.morgan@extjsdemo.com","skype":"jmorgann","linkedin":"jonathan.morgan","gender":"Male","phone":"1-570-555-0198","picture_gender":"men","picture_index":23,"picture":"api/portraits/men/23.jpg","actions":[{"id":"6cf002ae-f88d-4904-b99b-696b7ef58d1c","type":"linkedin","created":"2017-03-21 07:25:07"},{"id":"42c24dd5-3c21-4098-99cb-f4e947f87cca","type":"skype","created":"2017-03-09 13:25:07"},{"id":"4424ca24-92de-4311-8c63-abb25a11e67f","type":"email","created":"2017-02-25 06:25:07"},{"id":"15ebee9b-492a-4cdd-a015-a543af074cdc","type":"profile","created":"2017-03-08 13:25:07"},{"id":"c53672f8-60a6-4379-a206-c9759fc3c9de","type":"skype","created":"2017-02-19 21:25:07"},{"id":"677b148b-24c6-44ed-ae57-ebe674a81154","type":"linkedin","created":"2017-02-21 01:25:07"}]},
{"index":24,"id":"8c9ec418-1b76-423e-ac31-cf13245edc90","firstname":"Joshua","lastname":"Fuller","username":"joshua.fuller","password":"fIKzj9Yfql","birthday":"1989-01-04","started":"2010-02-04","ended":null,"title":"Engineer III","email":"joshua.fuller@extjsdemo.com","skype":"jfullero","linkedin":"joshua.fuller","gender":"Male","phone":"1-404-555-0136","picture_gender":"men","picture_index":24,"picture":"api/portraits/men/24.jpg","actions":[{"id":"d689ec0f-7c61-4232-9bd4-153ac6c49243","type":"linkedin","created":"2017-02-14 03:25:07"},{"id":"9ff4cb61-0cc7-48d4-b651-580bf9be5ac0","type":"phone","created":"2017-03-13 11:25:07"},{"id":"eb3cca5b-c318-4cdc-8a8b-86afa5298138","type":"phone","created":"2017-03-08 11:25:07"},{"id":"81496527-2ef5-4db2-8909-7df8ec8b67d1","type":"skype","created":"2017-02-10 21:25:07"},{"id":"2e0ad8c0-3698-4a15-8e49-b874287b81de","type":"profile","created":"2017-02-28 05:25:07"},{"id":"bf3c60f4-54b1-4815-ac1e-6958692029cc","type":"profile","created":"2017-03-02 12:25:07"},{"id":"cfa2b69a-36c9-4f45-87c8-a14d37a063b5","type":"phone","created":"2017-03-06 22:25:07"},{"id":"fb0c40b8-b240-4919-ad12-9c4e3ce22172","type":"linkedin","created":"2017-02-27 14:25:07"},{"id":"dbab9aa4-c5db-4501-98e2-1c967b341ca8","type":"linkedin","created":"2017-02-23 03:25:07"}]},
{"index":25,"id":"efb8929a-b20e-48b7-a584-9612cf8cedbd","firstname":"Raymond","lastname":"Kelley","username":"raymond.kelley","password":"Iv3EXnno","birthday":"1964-05-04","started":"2008-06-01","ended":null,"title":"Research Nurse","email":"raymond.kelley@extjsdemo.com","skype":"rkelleyp","linkedin":"raymond.kelley","gender":"Male","phone":"1-775-555-0182","picture_gender":"men","picture_index":25,"picture":"api/portraits/men/25.jpg","actions":[{"id":"869bb544-7ddd-41ad-aa6e-73e8c62859c5","type":"phone","created":"2017-03-03 10:25:07"},{"id":"a2734766-ca90-42a8-83c8-0d11b3fcd28d","type":"profile","created":"2017-03-05 12:25:07"},{"id":"6876125d-a1f1-4eef-9899-ddbd1dcde1d4","type":"linkedin","created":"2017-03-15 06:25:07"},{"id":"646ac224-8578-494e-9a82-32fe4541a787","type":"skype","created":"2017-03-05 04:25:07"},{"id":"16956483-5503-4c32-bee1-d71947d878a6","type":"profile","created":"2017-03-16 17:25:07"},{"id":"5fbde469-58db-4f1b-9200-99e7a7103209","type":"profile","created":"2017-02-17 08:25:07"},{"id":"ccc28483-5eb6-4d3a-8fc6-8a1d4f57a359","type":"profile","created":"2017-03-16 22:25:07"},{"id":"a54b1dcd-e8ca-43f9-9f41-1423769b618d","type":"email","created":"2017-03-13 01:25:07"},{"id":"28d1dbe2-c850-4eeb-a538-2c69e0b5c6d9","type":"email","created":"2017-02-12 19:25:07"},{"id":"c3d7ac52-8bb3-4e90-afd4-32c7483c484a","type":"phone","created":"2017-03-03 12:25:07"},{"id":"38d1b272-f6e5-4bdb-bade-7d01f644f54a","type":"skype","created":"2017-02-10 14:25:07"},{"id":"6e59776f-37da-4b4e-8ba3-f1ac0dba8edd","type":"skype","created":"2017-02-15 14:25:07"},{"id":"a130bec5-6d02-4100-a2f9-681f47a15b66","type":"skype","created":"2017-03-01 11:25:07"},{"id":"a4f2fa25-7dff-4892-a9a4-a08c528fba02","type":"profile","created":"2017-02-10 02:25:07"}]},
{"index":26,"id":"ecd93a3a-d8b7-41f7-885b-93beca067895","firstname":"Jose","lastname":"Washington","username":"jose.washington","password":"vIBpYpWMU0J","birthday":"1974-05-27","started":"2016-06-04","ended":null,"title":"Automation Specialist I","email":"jose.washington@extjsdemo.com","skype":"jwashingtonq","linkedin":"jose.washington","gender":"Male","phone":"1-455-555-0109","picture_gender":"men","picture_index":26,"picture":"api/portraits/men/26.jpg","actions":[{"id":"fe5efe15-ffa0-41da-840b-31bfe85c2334","type":"email","created":"2017-02-19 10:25:07"},{"id":"0d769cfa-68ee-4a90-bdbd-07fe7cb8a06c","type":"email","created":"2017-03-09 19:25:07"},{"id":"e55c4f2b-69c4-44f3-a526-b70ff2235af7","type":"linkedin","created":"2017-03-02 03:25:07"},{"id":"896e54e4-0d05-48c1-aa61-1357ea0d37ee","type":"linkedin","created":"2017-02-21 14:25:07"},{"id":"fbac9087-cb9a-4ea8-8845-da24fb2c9084","type":"email","created":"2017-03-23 07:25:07"}]},
{"index":27,"id":"5651eae7-46ad-4718-bddc-a6d0a5e26145","firstname":"Alice","lastname":"Simmons","username":"alice.simmons","password":"XzsU44tb","birthday":"1976-06-01","started":"2007-08-25","ended":null,"title":"Senior Financial Analyst","email":"alice.simmons@extjsdemo.com","skype":"asimmonsr","linkedin":"alice.simmons","gender":"Female","phone":"1-353-555-0184","picture_gender":"women","picture_index":0,"picture":"api/portraits/women/0.jpg","actions":[{"id":"638c2f17-fe1b-420e-8b56-fdd8c0bcdbec","type":"profile","created":"2017-02-12 03:25:07"},{"id":"5f69e356-e9cf-4c44-a1f9-afd1f56cb5a0","type":"profile","created":"2017-03-20 23:25:07"},{"id":"0a32cc5d-51fb-4985-9792-4422b03e35da","type":"profile","created":"2017-02-24 04:25:07"}]},
{"index":28,"id":"0fc730fd-c328-4458-88a7-fae2c4539d4d","firstname":"Stephanie","lastname":"Gomez","username":"stephanie.gomez","password":"GmJewWjqNmj","birthday":"1972-09-02","started":"2011-05-08","ended":"2014-01-27","title":"Senior Quality Engineer","email":"stephanie.gomez@extjsdemo.com","skype":"sgomezs","linkedin":"stephanie.gomez","gender":"Female","phone":"1-571-555-0158","picture_gender":"women","picture_index":1,"picture":"api/portraits/women/1.jpg","actions":[{"id":"16061f75-f428-41cf-8cc1-c7cfdaabcad4","type":"linkedin","created":"2014-01-17 14:40:48"},{"id":"a57b736f-4b39-4be5-894a-fe95df6e3e91","type":"linkedin","created":"2013-12-25 23:40:48"},{"id":"5ac25554-e555-479a-adc7-38d47e108552","type":"skype","created":"2014-01-11 21:40:48"},{"id":"44007701-c972-4570-8622-c493509d41c2","type":"profile","created":"2014-01-23 01:40:48"},{"id":"f979ce84-3ddc-4921-850a-7ad38820c419","type":"skype","created":"2014-01-26 21:40:48"},{"id":"2b9c2ed5-8265-4ab6-85db-7d9abb6ffd36","type":"phone","created":"2013-12-22 21:40:48"},{"id":"ccd17f90-2512-4523-95d8-a04d8f75ccb8","type":"profile","created":"2013-12-27 02:40:48"},{"id":"6450dfd3-eb1b-4729-ba6b-40984e064539","type":"linkedin","created":"2014-01-10 07:40:48"},{"id":"3476c7d5-8223-48df-b491-a1056ea55ab3","type":"skype","created":"2014-01-26 04:40:48"},{"id":"a04534a3-9b67-436c-85a3-5af9011d0b86","type":"linkedin","created":"2013-12-31 08:40:48"},{"id":"c5fd7bcd-6527-429c-b1bb-883c9df6f281","type":"skype","created":"2013-12-17 12:40:48"},{"id":"e4531655-7f6d-44be-8ef0-3a1843a2a28c","type":"profile","created":"2013-12-27 00:40:48"},{"id":"856016a5-3b61-4893-9c6d-6099ae0bc9f2","type":"profile","created":"2013-12-18 22:40:48"},{"id":"6cc76dbd-4434-433c-b4d8-d3511fcb87a4","type":"email","created":"2013-12-16 22:40:48"}]},
{"index":29,"id":"79190f06-08f6-424f-a83e-6aa2406bf7b7","firstname":"Laura","lastname":"Russell","username":"laura.russell","password":"eA2ElmY6","birthday":"1972-04-17","started":"2016-01-13","ended":null,"title":"Product Engineer","email":"laura.russell@extjsdemo.com","skype":"lrussellt","linkedin":"laura.russell","gender":"Female","phone":"1-938-555-0118","picture_gender":"women","picture_index":2,"picture":"api/portraits/women/2.jpg","actions":[{"id":"328f16c4-60de-4d3a-9759-71ecb81470d1","type":"phone","created":"2017-02-26 13:25:08"},{"id":"bf265d31-8fe7-4a5c-b66d-3aa5c8f8800c","type":"phone","created":"2017-03-21 20:25:08"},{"id":"21d0ba4b-bb6e-4e9f-98e4-94695b5d7317","type":"profile","created":"2017-03-12 18:25:08"},{"id":"1cabc1f1-4fda-442b-81ae-3cfd99ba96dc","type":"email","created":"2017-03-17 01:25:08"}]},
{"index":30,"id":"cac323f1-d67b-42e8-a9be-b55be2707834","firstname":"Frances","lastname":"Cox","username":"frances.cox","password":"IyjTjP","birthday":"1976-03-02","started":"2009-09-08","ended":null,"title":"VP Marketing","email":"frances.cox@extjsdemo.com","skype":"fcoxu","linkedin":"frances.cox","gender":"Female","phone":"1-809-555-0115","picture_gender":"women","picture_index":3,"picture":"api/portraits/women/3.jpg","actions":[{"id":"8d289ab5-ea92-4220-9b55-45515853184b","type":"skype","created":"2017-03-20 18:25:08"},{"id":"b0d516f6-cf09-4e1a-8a82-6054abe72b2b","type":"linkedin","created":"2017-02-19 03:25:08"},{"id":"464f588b-ce7b-4f81-b2b9-c7da4eb505d4","type":"phone","created":"2017-03-02 06:25:08"}]},
{"index":31,"id":"8e79330d-3e0c-4fe2-b660-447a614368ca","firstname":"Judith","lastname":"Riley","username":"judith.riley","password":"fqaO4i","birthday":"1972-05-28","started":"2008-01-19","ended":null,"title":"Senior Editor","email":"judith.riley@extjsdemo.com","skype":"jrileyv","linkedin":"judith.riley","gender":"Female","phone":"1-446-555-0111","picture_gender":"women","picture_index":4,"picture":"api/portraits/women/4.jpg","actions":[]},
{"index":32,"id":"e7b2e932-ca98-4825-9fd6-fa6f7161e909","firstname":"Maria","lastname":"Bailey","username":"maria.bailey","password":"Am7FCx9NXel","birthday":"1960-09-16","started":"2015-02-14","ended":"2016-01-08","title":"Junior Executive","email":"maria.bailey@extjsdemo.com","skype":"mbaileyw","linkedin":"maria.bailey","gender":"Female","phone":"1-577-555-0121","picture_gender":"women","picture_index":5,"picture":"api/portraits/women/5.jpg","actions":[{"id":"7fad2c14-98a6-4022-8474-96fc2965a250","type":"linkedin","created":"2015-12-14 17:09:50"},{"id":"9e502a0b-a788-4b12-b68e-cc2345228659","type":"email","created":"2015-12-25 04:09:50"},{"id":"152d45f1-d46f-4c84-90ae-029c2b119026","type":"phone","created":"2016-01-07 02:09:50"},{"id":"6cd02b54-ea40-415d-a4ac-2a454d5e767a","type":"email","created":"2015-12-19 16:09:50"},{"id":"5cf898ba-4b35-4778-8ef8-eb66617d7715","type":"email","created":"2015-12-12 17:09:50"},{"id":"27630b74-290f-48fd-9f09-b8039ab39070","type":"skype","created":"2015-12-05 00:09:50"},{"id":"03cba230-71c8-4106-9979-7d94def7293d","type":"profile","created":"2015-12-10 05:09:50"},{"id":"8629e140-ac48-474c-96d9-b457420fa1fd","type":"linkedin","created":"2015-12-10 19:09:50"},{"id":"18f744a1-4229-4a5a-ae1c-f4e808db7772","type":"profile","created":"2016-01-03 10:09:50"},{"id":"40f9c576-678d-42d5-adca-ae2fb5f4e91a","type":"email","created":"2016-01-01 09:09:50"},{"id":"d3430725-1a02-4c10-9dbc-0fe957e460a1","type":"phone","created":"2015-11-29 01:09:50"},{"id":"1fd1235f-788f-4b93-8027-6f3bbcccb323","type":"linkedin","created":"2015-12-27 01:09:50"},{"id":"23eb2032-0a2f-4ed0-bfe5-c9d652414c28","type":"email","created":"2015-12-23 07:09:50"},{"id":"acd9c367-c8c6-4c14-a310-35105cb2dabd","type":"email","created":"2016-01-05 07:09:50"},{"id":"b21cfa44-49d9-4ffb-8c0a-c9aea2e919da","type":"profile","created":"2015-12-18 11:09:50"},{"id":"3466ab40-a56a-40af-839a-3ffdb53151af","type":"linkedin","created":"2015-12-08 20:09:50"}]},
{"index":33,"id":"537fb72c-f40d-472a-ab4b-0de0bf5fb70a","firstname":"Melissa","lastname":"Sanders","username":"melissa.sanders","password":"pVILVX8ZfsI","birthday":"1984-06-20","started":"2014-10-11","ended":null,"title":"Recruiter","email":"melissa.sanders@extjsdemo.com","skype":"msandersx","linkedin":"melissa.sanders","gender":"Female","phone":"1-967-555-0114","picture_gender":"women","picture_index":6,"picture":"api/portraits/women/6.jpg","actions":[{"id":"f34aee2e-3d8e-4d86-b837-ae5b5881da15","type":"profile","created":"2017-02-22 03:25:08"},{"id":"9e9854a0-ba2b-4069-aa11-49f52b32892d","type":"phone","created":"2017-03-12 15:25:08"},{"id":"74115b36-7ecd-4fce-b5b6-6a43886b6488","type":"email","created":"2017-02-15 11:25:08"},{"id":"a7caa42a-6b77-4982-958c-9086c7306970","type":"email","created":"2017-03-14 03:25:08"},{"id":"1000052f-0438-4f73-ab6b-8f7671b759e8","type":"email","created":"2017-02-23 16:25:08"},{"id":"803c344b-7aff-41d8-b043-422d978ca494","type":"profile","created":"2017-02-13 08:25:08"},{"id":"5723600a-ef48-45dd-aa32-c9392af4b693","type":"profile","created":"2017-03-15 11:25:08"},{"id":"c35733ab-44f5-4969-9246-cbc0240c9485","type":"email","created":"2017-03-05 00:25:08"},{"id":"79bf5ce2-f1f6-47c8-b00f-0d31d003d172","type":"email","created":"2017-03-20 14:25:08"},{"id":"1b5eead6-ee04-4533-9dbc-34e57eccb7aa","type":"email","created":"2017-03-19 06:25:08"},{"id":"be5e1b5b-ec28-4172-bb2b-410ca98a65f8","type":"phone","created":"2017-02-15 03:25:08"},{"id":"97552896-8293-46ea-b925-9759a21c9a22","type":"phone","created":"2017-03-13 01:25:08"},{"id":"c1d0efc7-7402-491c-be21-b50aa5ee507c","type":"email","created":"2017-03-09 03:25:08"},{"id":"2c547a49-f11a-46b4-ab9d-bc4973521dad","type":"phone","created":"2017-03-04 22:25:08"},{"id":"e919d325-09ee-40d3-86fe-59c6acb13f0c","type":"email","created":"2017-03-20 02:25:08"}]},
{"index":34,"id":"6f290d32-71d2-4658-923a-6cb23b936df1","firstname":"Norma","lastname":"Olson","username":"norma.olson","password":"ebCxqyxjP","birthday":"1961-06-07","started":"2008-05-21","ended":null,"title":"Cost Accountant","email":"norma.olson@extjsdemo.com","skype":"nolsony","linkedin":"norma.olson","gender":"Female","phone":"1-884-555-0195","picture_gender":"women","picture_index":7,"picture":"api/portraits/women/7.jpg","actions":[{"id":"876c2f42-fc74-4f22-b5a8-382b15216cea","type":"linkedin","created":"2017-02-18 16:25:08"},{"id":"a770a212-400c-454a-9b03-19babd4dbc57","type":"email","created":"2017-02-12 09:25:08"},{"id":"192d589e-3a26-481c-a797-2c6ef91a5edf","type":"phone","created":"2017-02-28 05:25:08"},{"id":"ebfff485-bede-4fe7-9771-a9f1ab5bd8e5","type":"phone","created":"2017-03-20 13:25:08"},{"id":"4235e69b-8a16-4c0b-8aa9-3f9484f93302","type":"linkedin","created":"2017-02-26 20:25:08"},{"id":"8367b4f8-cf73-401c-8448-cad5724ba52a","type":"linkedin","created":"2017-03-11 05:25:08"},{"id":"c127d119-804c-4c4c-92c9-5c08650176f0","type":"linkedin","created":"2017-02-27 14:25:08"},{"id":"a95a34e2-ca0d-4d23-91f0-214e92e48531","type":"linkedin","created":"2017-03-16 21:25:08"},{"id":"8d3a5e26-2169-4d2e-ad20-8fc0ebb0bfe8","type":"profile","created":"2017-03-14 21:25:08"},{"id":"1294865c-9b26-428e-ab4a-dc9c1a934555","type":"linkedin","created":"2017-03-01 06:25:08"}]},
{"index":35,"id":"629e6644-7285-493e-8e41-2273420399d7","firstname":"Diana","lastname":"Woods","username":"diana.woods","password":"v1Uzi3OMm","birthday":"1983-10-11","started":"2007-09-20","ended":null,"title":"Clinical Specialist","email":"diana.woods@extjsdemo.com","skype":"dwoodsz","linkedin":"diana.woods","gender":"Female","phone":"1-332-555-0127","picture_gender":"women","picture_index":8,"picture":"api/portraits/women/8.jpg","actions":[{"id":"622666d5-ca48-42d3-85dd-41b1e285dfbc","type":"email","created":"2017-02-22 15:25:08"},{"id":"ab6c9562-6946-4d35-a158-1d13951a4bd2","type":"phone","created":"2017-02-28 21:25:08"},{"id":"79c3622f-b9ce-4173-9747-54f1b4763574","type":"linkedin","created":"2017-03-21 00:25:08"},{"id":"516419d3-9211-43a7-9309-3762bdaed287","type":"skype","created":"2017-02-14 15:25:08"},{"id":"84166dc2-2d17-49b0-8fce-b8e9b704c574","type":"phone","created":"2017-02-24 05:25:08"},{"id":"f07a075c-1919-4aa2-bfbe-6c10375df257","type":"skype","created":"2017-03-20 13:25:08"},{"id":"b5fc011a-ae1d-4430-8207-71d42da76d37","type":"linkedin","created":"2017-02-19 05:25:08"},{"id":"dc41b90d-5e25-4970-9a3e-7ea571d89346","type":"email","created":"2017-02-17 10:25:08"},{"id":"decb368c-cb3a-4f3f-94cc-05c75dd8ed93","type":"phone","created":"2017-03-13 15:25:08"},{"id":"f082e008-76de-4cab-b794-128e18cb8269","type":"email","created":"2017-03-08 03:25:08"},{"id":"87fe0c07-bc9a-4ae2-b151-5d339c849bf6","type":"linkedin","created":"2017-02-11 10:25:08"},{"id":"e987c39c-3ef5-4ac6-85ec-3f32f4196f3b","type":"phone","created":"2017-03-08 05:25:08"},{"id":"2f0a361f-0d37-4711-9216-3d60392bd217","type":"profile","created":"2017-03-03 00:25:08"},{"id":"c3f7ebd4-29e9-407e-b892-e4599388fc92","type":"skype","created":"2017-03-12 23:25:08"},{"id":"016c63a5-6f8a-4f94-a76a-ae349f31b0eb","type":"linkedin","created":"2017-02-17 03:25:08"}]},
{"index":36,"id":"08523510-f4b4-4e2b-9a17-89b4e4196a16","firstname":"Doris","lastname":"Gutierrez","username":"doris.gutierrez","password":"Hl3d5VR5ko","birthday":"1975-12-01","started":"2016-02-09","ended":"2016-05-16","title":"Analog Circuit Design manager","email":"doris.gutierrez@extjsdemo.com","skype":"dgutierrez10","linkedin":"doris.gutierrez","gender":"Female","phone":"1-280-555-0196","picture_gender":"women","picture_index":9,"picture":"api/portraits/women/9.jpg","actions":[{"id":"49c5d123-9ac8-403b-b3ae-864859315902","type":"skype","created":"2016-04-18 01:00:38"},{"id":"a2ac0ad0-5fd9-49ca-9f56-916c493b0f16","type":"phone","created":"2016-04-25 00:00:38"},{"id":"ba2526e5-ee98-4d13-999b-440d42dd966a","type":"email","created":"2016-04-18 13:00:38"},{"id":"7c796318-b3a2-4d05-b231-936618c65253","type":"email","created":"2016-04-16 08:00:38"},{"id":"082511a6-d70b-4444-a20d-78ee350414be","type":"profile","created":"2016-05-03 18:00:38"},{"id":"3cb6a7f2-e059-4596-9b3d-1fff586537af","type":"phone","created":"2016-04-14 23:00:38"},{"id":"90aa637b-b583-4862-afcd-eeed0b543f74","type":"profile","created":"2016-05-04 08:00:38"},{"id":"7776ecde-4264-4f6c-a437-3e1f80752fa9","type":"profile","created":"2016-04-22 03:00:38"},{"id":"c4b36b66-72f9-43de-afc3-10e2d5b0e0d0","type":"skype","created":"2016-04-22 14:00:38"}]},
{"index":37,"id":"cdf79009-e18e-4b29-8d59-5a97dfd93650","firstname":"Cheryl","lastname":"Peterson","username":"cheryl.peterson","password":"mLltZNcx5","birthday":"1972-03-30","started":"2008-11-06","ended":null,"title":"Occupational Therapist","email":"cheryl.peterson@extjsdemo.com","skype":"cpeterson11","linkedin":"cheryl.peterson","gender":"Female","phone":"1-322-555-0101","picture_gender":"women","picture_index":10,"picture":"api/portraits/women/10.jpg","actions":[{"id":"7947c3a1-1f9f-4cc6-8648-9d9b3199d0c0","type":"linkedin","created":"2017-03-16 06:25:08"},{"id":"31947e90-277e-424d-9c37-1409dcaedd65","type":"linkedin","created":"2017-02-17 11:25:08"},{"id":"d9e6f480-094a-4076-b693-567ffc314058","type":"phone","created":"2017-03-16 23:25:08"},{"id":"d95fd041-cf3b-4cab-8b96-cca5f4f31a14","type":"email","created":"2017-02-25 20:25:08"},{"id":"88feed69-92af-40ed-b13e-ce2e6fc452a8","type":"profile","created":"2017-02-18 08:25:08"},{"id":"55478f05-0f60-4c33-ac5c-61b088a60b68","type":"email","created":"2017-03-03 07:25:08"},{"id":"e7f19181-0259-48b9-adfb-916b4ff79fa6","type":"profile","created":"2017-03-15 13:25:08"},{"id":"55fce809-6293-4380-9531-a814bf51d16d","type":"linkedin","created":"2017-02-26 17:25:08"}]},
{"index":38,"id":"6fc01a65-d5ab-45ba-adcf-b935e0344fbd","firstname":"Deborah","lastname":"Jackson","username":"deborah.jackson","password":"32wZCwMa","birthday":"1981-11-06","started":"2007-10-06","ended":null,"title":"Account Executive","email":"deborah.jackson@extjsdemo.com","skype":"djackson12","linkedin":"deborah.jackson","gender":"Female","phone":"1-938-555-0124","picture_gender":"women","picture_index":11,"picture":"api/portraits/women/11.jpg","actions":[{"id":"257983cb-f983-45ee-8761-2007ba0e47a1","type":"skype","created":"2017-02-28 20:25:08"},{"id":"b004b83f-f816-44fb-abca-b33e615f76d0","type":"skype","created":"2017-03-15 04:25:08"},{"id":"969e2a3e-4c8d-4474-b04e-94e41077c9bb","type":"profile","created":"2017-03-15 12:25:08"},{"id":"1ec44b74-de22-46bd-a7b3-274dcc8e8f07","type":"linkedin","created":"2017-02-11 04:25:08"},{"id":"3295d887-0ae3-47cb-9523-fe669bb76fd9","type":"skype","created":"2017-03-18 01:25:08"},{"id":"bb87dac2-4a4a-4fb8-811f-fff5baa1765d","type":"phone","created":"2017-02-27 20:25:08"},{"id":"50030124-c2ee-4265-a817-bbc973d35b20","type":"email","created":"2017-02-24 02:25:08"}]},
{"index":39,"id":"faa8aecb-9b27-450f-911b-81c36fbc7290","firstname":"Bonnie","lastname":"Sanders","username":"bonnie.sanders","password":"VshVAuKK","birthday":"1983-10-25","started":"2006-11-25","ended":"2016-10-20","title":"Technical Writer","email":"bonnie.sanders@extjsdemo.com","skype":"bsanders13","linkedin":"bonnie.sanders","gender":"Female","phone":"1-264-555-0161","picture_gender":"women","picture_index":12,"picture":"api/portraits/women/12.jpg","actions":[{"id":"4e3e5171-2ec4-4cd4-a63a-c9f753ac396a","type":"phone","created":"2016-09-17 03:50:56"},{"id":"07e90159-fed4-4a01-badf-8f9e73a179b6","type":"profile","created":"2016-09-23 14:50:56"},{"id":"fd946a24-e435-4604-95b8-4c0e4e3fee63","type":"profile","created":"2016-10-15 12:50:56"},{"id":"f9f7594e-25a7-4969-83bd-b3de25ce7388","type":"skype","created":"2016-10-10 05:50:56"}]},
{"index":40,"id":"ef8481fb-7d86-4a32-90e5-a9b01afdba02","firstname":"Heather","lastname":"Ford","username":"heather.ford","password":"Bso4MtED","birthday":"1977-06-12","started":"2013-04-25","ended":null,"title":"Nuclear Power Engineer","email":"heather.ford@extjsdemo.com","skype":"hford14","linkedin":"heather.ford","gender":"Female","phone":"1-169-555-0131","picture_gender":"women","picture_index":13,"picture":"api/portraits/women/13.jpg","actions":[{"id":"6723499f-d626-4f80-b4f5-79a09c38b686","type":"linkedin","created":"2017-02-27 15:25:08"},{"id":"bf7f3ed2-7eed-45af-979a-314d228df93c","type":"skype","created":"2017-03-18 02:25:08"},{"id":"2f3445f9-96da-4a2b-922b-82682358eab3","type":"email","created":"2017-03-01 19:25:08"},{"id":"bc783113-d303-42fa-932f-726f834a321b","type":"phone","created":"2017-02-18 18:25:08"},{"id":"113c745e-c8ab-49c2-ba1c-7c39eafcb74d","type":"profile","created":"2017-03-14 05:25:08"}]},
{"index":41,"id":"03e2a899-9c6d-4125-b7d7-c2b68ded5323","firstname":"Diane","lastname":"Moore","username":"diane.moore","password":"tNuOBmtHzyI","birthday":"1987-07-05","started":"2006-01-17","ended":null,"title":"Sales Associate","email":"diane.moore@extjsdemo.com","skype":"dmoore15","linkedin":"diane.moore","gender":"Female","phone":"1-504-555-0108","picture_gender":"women","picture_index":14,"picture":"api/portraits/women/14.jpg","actions":[{"id":"b48f6d6a-8fe0-4ab7-9d3d-9eb333749371","type":"profile","created":"2017-02-18 04:25:08"},{"id":"8d392b6b-cc8b-4d5a-9104-945969b1a6c5","type":"linkedin","created":"2017-03-07 18:25:08"}]},
{"index":42,"id":"9935c919-e077-44f0-a61b-d23ea35a2ad5","firstname":"Norma","lastname":"Flores","username":"norma.flores","password":"wvyrEDvxI","birthday":"1988-12-27","started":"2012-11-22","ended":"2016-10-11","title":"Administrative Officer","email":"norma.flores@extjsdemo.com","skype":"nflores16","linkedin":"norma.flores","gender":"Female","phone":"1-458-555-0119","picture_gender":"women","picture_index":15,"picture":"api/portraits/women/15.jpg","actions":[{"id":"c1f5d371-338e-42ff-aa46-b3efe829c067","type":"phone","created":"2016-09-17 02:08:46"},{"id":"852ac2a7-5765-427d-a413-ad6f2ba0ba77","type":"email","created":"2016-09-04 21:08:46"},{"id":"b7cbd74b-4317-416b-a2a1-52371499cb0d","type":"skype","created":"2016-09-22 16:08:46"},{"id":"890347b1-f2df-40bd-aa19-8db1578d09c4","type":"phone","created":"2016-10-07 05:08:46"},{"id":"9dc28a44-b0b8-4262-a2e1-f24ac2f7491c","type":"phone","created":"2016-08-30 17:08:46"},{"id":"48d2d8d9-1c8a-4a7c-a306-8d64bb77bcc7","type":"skype","created":"2016-09-20 20:08:46"},{"id":"f5fffd2c-f659-4c8d-9311-05d1bfa76dc4","type":"linkedin","created":"2016-09-10 03:08:46"},{"id":"b884a545-d7a8-482a-810c-614db810f13a","type":"profile","created":"2016-10-04 05:08:46"},{"id":"4562ac3d-4c39-4181-9cbd-3467ec0c28b9","type":"phone","created":"2016-09-04 03:08:46"},{"id":"d349a6ff-4e89-4064-b12b-00c7914b57a1","type":"skype","created":"2016-09-30 17:08:46"},{"id":"38d036b4-d15d-4887-b444-0ac3007c7f5d","type":"phone","created":"2016-09-13 21:08:46"},{"id":"296d5e39-64f2-4862-bf6c-a319ab1f8182","type":"linkedin","created":"2016-09-24 07:08:46"},{"id":"11854319-dc27-40dd-81c9-634006a0b8b0","type":"email","created":"2016-10-05 18:08:46"},{"id":"30d2ce90-7009-4cb7-bffd-334cee7449f2","type":"skype","created":"2016-09-26 21:08:46"},{"id":"b32bcf5e-00f1-4d1c-8811-6c0caff075cd","type":"skype","created":"2016-09-16 23:08:46"}]},
{"index":43,"id":"582b89f3-43a4-41cc-8c21-ff89b89f3673","firstname":"Kathy","lastname":"Bryant","username":"kathy.bryant","password":"NVHDutDlK","birthday":"1978-05-09","started":"2014-06-21","ended":null,"title":"Research Nurse","email":"kathy.bryant@extjsdemo.com","skype":"kbryant17","linkedin":"kathy.bryant","gender":"Female","phone":"1-296-555-0146","picture_gender":"women","picture_index":16,"picture":"api/portraits/women/16.jpg","actions":[{"id":"8038fbaf-8f3e-45d6-9c05-b47ebdae6aa4","type":"skype","created":"2017-02-15 10:25:08"},{"id":"20924a46-486b-4341-9c8b-c74369bc2599","type":"profile","created":"2017-02-19 05:25:08"},{"id":"b6ee4dff-76b5-499c-b71f-c31ad99aa101","type":"profile","created":"2017-02-22 06:25:08"},{"id":"ee52cfc5-c582-473d-944b-5412c0450c15","type":"phone","created":"2017-03-10 15:25:08"},{"id":"490d9a61-63a9-4fe6-a382-699ac93aa2bc","type":"linkedin","created":"2017-02-23 18:25:08"},{"id":"e874e49c-9793-4a51-acb6-36edbcbbc579","type":"skype","created":"2017-02-23 13:25:08"},{"id":"c2194d93-7574-464d-9b9a-71a7a1a4dc8c","type":"profile","created":"2017-02-13 11:25:08"},{"id":"9b764ad6-f1de-42bf-98bb-392059d222bc","type":"email","created":"2017-03-08 13:25:08"},{"id":"79968067-ae9b-472b-b862-bfaa9491fdfa","type":"profile","created":"2017-02-17 07:25:08"},{"id":"415f0720-4497-40c8-98a1-f2e2094c1aa4","type":"phone","created":"2017-03-06 18:25:08"}]},
{"index":44,"id":"0e81fe2a-7eb9-4894-8463-20d783dcf078","firstname":"Rose","lastname":"Cooper","username":"rose.cooper","password":"VIwa8Wwsi","birthday":"1976-08-12","started":"2006-07-11","ended":"2014-05-20","title":"Editor","email":"rose.cooper@extjsdemo.com","skype":"rcooper18","linkedin":"rose.cooper","gender":"Female","phone":"1-203-555-0176","picture_gender":"women","picture_index":17,"picture":"api/portraits/women/17.jpg","actions":[{"id":"6fc64d3c-aede-427c-bd39-879b14e71d91","type":"email","created":"2014-05-18 09:26:54"},{"id":"52db29a0-43c9-4dc1-b4b7-d23a34841206","type":"phone","created":"2014-05-01 06:26:54"},{"id":"05be03e9-9c04-4e9d-8f9d-7a5f7fdb6a00","type":"profile","created":"2014-05-18 13:26:54"},{"id":"7cfd04ce-c156-42f7-a01d-55941738a87f","type":"email","created":"2014-05-15 03:26:54"},{"id":"c8cc5de0-66e3-404c-be35-5a8a63536e58","type":"email","created":"2014-05-12 18:26:54"},{"id":"2836364f-59f8-4ad5-b57f-14e0275fa1e4","type":"email","created":"2014-04-13 01:26:54"}]},
{"index":45,"id":"112478f3-e17e-428c-b18a-5e83ab13bace","firstname":"Sara","lastname":"Walker","username":"sara.walker","password":"NP1lZCu","birthday":"1989-01-04","started":"2011-03-21","ended":null,"title":"Quality Control Specialist","email":"sara.walker@extjsdemo.com","skype":"swalker19","linkedin":"sara.walker","gender":"Female","phone":"1-711-555-0146","picture_gender":"women","picture_index":18,"picture":"api/portraits/women/18.jpg","actions":[{"id":"83a060b4-11a4-4ffc-983a-967ef0f7d550","type":"skype","created":"2017-03-10 09:25:08"},{"id":"b76ae227-cfd0-4ef5-91ac-3d509a47e7d1","type":"skype","created":"2017-03-13 14:25:08"},{"id":"3a61b8d8-66e8-406c-b118-c1d78c26f46e","type":"linkedin","created":"2017-02-23 02:25:08"},{"id":"52978540-40d8-48a2-93a0-7fa3ccd1ee71","type":"linkedin","created":"2017-02-27 12:25:08"},{"id":"d3bd7c05-4bb9-4151-84ce-ccfb5f8808f9","type":"phone","created":"2017-02-15 02:25:08"},{"id":"91ce13dd-2c4f-45c4-9584-c6a4ad9a8336","type":"skype","created":"2017-03-15 22:25:08"}]},
{"index":46,"id":"f95eca34-24ed-4d10-8fa3-ab6d855ae8af","firstname":"Beverly","lastname":"Spencer","username":"beverly.spencer","password":"Y9CW9gd","birthday":"1986-04-06","started":"2014-12-03","ended":"2017-01-05","title":"Human Resources Assistant III","email":"beverly.spencer@extjsdemo.com","skype":"bspencer1a","linkedin":"beverly.spencer","gender":"Female","phone":"1-007-555-0195","picture_gender":"women","picture_index":19,"picture":"api/portraits/women/19.jpg","actions":[{"id":"58ef0419-59cc-4513-8fbe-eb5907f6b39d","type":"phone","created":"2017-01-03 11:35:00"},{"id":"f124dd04-94a1-4691-8c8d-dc4f0a71cda3","type":"profile","created":"2016-12-13 13:35:00"},{"id":"e378ed14-c7f3-4d33-b7d8-bd1658297ae8","type":"email","created":"2016-12-17 22:35:00"},{"id":"1607e481-fb6a-48cc-8442-0f695e6d55c8","type":"profile","created":"2016-12-20 16:35:00"}]},
{"index":47,"id":"f9444d3f-1b6f-4937-a82b-c48a2759d0e6","firstname":"Amy","lastname":"Davis","username":"amy.davis","password":"JF5EE0J2u","birthday":"1980-02-15","started":"2013-05-07","ended":null,"title":"Research Nurse","email":"amy.davis@extjsdemo.com","skype":"adavis1b","linkedin":"amy.davis","gender":"Female","phone":"1-081-555-0130","picture_gender":"women","picture_index":20,"picture":"api/portraits/women/20.jpg","actions":[{"id":"ae926040-2767-4fb1-9d93-18a75512b6f7","type":"skype","created":"2017-02-16 08:25:08"},{"id":"ced38a7a-1298-4783-8748-8b9cd887c0e7","type":"phone","created":"2017-02-15 03:25:08"},{"id":"be53589a-2aaf-459c-b1cb-40c86a8e10bf","type":"profile","created":"2017-03-18 19:25:08"},{"id":"a0902c46-20d5-40a6-9500-22b8767f3d31","type":"email","created":"2017-02-10 13:25:08"},{"id":"786de6c0-13bd-4a0e-8423-addb37ae1862","type":"phone","created":"2017-03-12 01:25:08"},{"id":"66475a6f-9c1c-4877-9d49-d04df7b24188","type":"profile","created":"2017-02-20 17:25:08"},{"id":"4c7ffaf8-3192-4af6-9967-9a11e592ecfe","type":"phone","created":"2017-02-18 22:25:08"},{"id":"d211f533-1774-4f6e-b07e-e7209ec75375","type":"email","created":"2017-03-04 12:25:08"},{"id":"a2a0c1a7-2a19-45d8-a74b-6aa16b291e9f","type":"linkedin","created":"2017-03-17 04:25:08"},{"id":"36331194-d492-41f9-9969-ffefaca1a220","type":"linkedin","created":"2017-02-19 09:25:08"},{"id":"c006a66d-1f06-45d5-bb1c-662c470e663f","type":"email","created":"2017-02-11 16:25:08"},{"id":"8009b9ae-9af8-43f5-8fff-da6b8c6fbf6f","type":"phone","created":"2017-03-04 08:25:08"}]},
{"index":48,"id":"86911c4b-b60a-455f-90ee-1cb14c1f95e6","firstname":"Theresa","lastname":"Reyes","username":"theresa.reyes","password":"ykg3DeCfOwE","birthday":"1987-07-14","started":"2008-11-06","ended":null,"title":"Pharmacist","email":"theresa.reyes@extjsdemo.com","skype":"treyes1c","linkedin":"theresa.reyes","gender":"Female","phone":"1-470-555-0129","picture_gender":"women","picture_index":21,"picture":"api/portraits/women/21.jpg","actions":[{"id":"8a5ddf85-9566-431c-92f5-d15d88e7d64d","type":"linkedin","created":"2017-03-18 12:25:08"},{"id":"b715cb1c-f82c-4641-b99f-78cb963f373d","type":"linkedin","created":"2017-02-27 08:25:08"},{"id":"983d102a-b384-472d-9d8d-c14b3fa3b8a3","type":"phone","created":"2017-03-19 19:25:08"},{"id":"505052e7-20fe-41dc-8785-cf73cf8fb4db","type":"profile","created":"2017-02-25 20:25:08"},{"id":"67c96ed4-b6ed-4fc3-9ce3-60a2baa4a631","type":"linkedin","created":"2017-02-15 10:25:08"},{"id":"3f212bcc-495c-442a-a005-3122d6d6d8e6","type":"skype","created":"2017-03-22 10:25:08"},{"id":"200717d7-6783-4352-b90e-54e4974c86e5","type":"profile","created":"2017-02-12 15:25:08"},{"id":"171ea3a9-c932-41e1-abe2-8aaf00a8ff74","type":"phone","created":"2017-02-14 05:25:08"},{"id":"ac477259-a4ee-47e7-84cc-047bb6479e35","type":"skype","created":"2017-02-27 05:25:08"},{"id":"73c82de8-de46-41da-9663-65c7332c90b9","type":"phone","created":"2017-02-26 18:25:08"},{"id":"8154ca98-c3c6-410a-bb56-de37e601388c","type":"profile","created":"2017-03-08 12:25:08"},{"id":"59b531cc-b30a-4cec-a6b1-0094eb89f3bf","type":"email","created":"2017-03-16 02:25:08"},{"id":"dc0a6a28-a938-4558-9b77-9adf73926a1f","type":"linkedin","created":"2017-03-05 02:25:08"},{"id":"7e5144cd-578d-4a28-a4a9-6e9513afb8cc","type":"profile","created":"2017-03-17 13:25:08"},{"id":"e313be51-18f5-4ffd-b797-0010f873a14f","type":"email","created":"2017-03-19 06:25:08"}]},
{"index":49,"id":"d0471223-f73a-489b-a542-d98c321b9b5e","firstname":"Betty","lastname":"Hamilton","username":"betty.hamilton","password":"beM1WSG1","birthday":"1971-11-23","started":"2014-11-10","ended":null,"title":"Senior Editor","email":"betty.hamilton@extjsdemo.com","skype":"bhamilton1d","linkedin":"betty.hamilton","gender":"Female","phone":"1-433-555-0110","picture_gender":"women","picture_index":22,"picture":"api/portraits/women/22.jpg","actions":[{"id":"49c720c2-1880-4851-8eba-7357420b1e81","type":"email","created":"2017-03-19 03:25:08"},{"id":"e1cb1a7f-f34a-41a5-8e15-e822afc412d7","type":"phone","created":"2017-02-25 15:25:08"},{"id":"beaf97c6-13dc-45f7-805d-d5dbdb2e6faa","type":"skype","created":"2017-03-03 13:25:08"},{"id":"53eeaaba-35bf-48cb-a360-449709a95a33","type":"email","created":"2017-02-10 03:25:08"},{"id":"2c9d5ff5-62b7-43d6-bb8f-f97d1d5580bb","type":"phone","created":"2017-02-13 22:25:08"},{"id":"03eae6df-89e9-4dad-bd95-0864531f5cb1","type":"skype","created":"2017-03-15 08:25:08"},{"id":"5b9eb86e-c828-49a9-9eae-cee9f3bab32a","type":"profile","created":"2017-02-10 07:25:08"},{"id":"c2a2c697-6d18-48e1-9f1f-9eaceb128605","type":"email","created":"2017-03-09 09:25:08"},{"id":"e763ad6b-9f03-4b28-8acc-19314273b481","type":"skype","created":"2017-03-12 22:25:08"},{"id":"f6361c7d-47fe-4008-b6d9-d2a38bc3fb6a","type":"email","created":"2017-02-19 14:25:08"}]},
{"index":50,"id":"766c57c7-938f-4618-94f7-1972d651be4b","firstname":"Betty","lastname":"Murphy","username":"betty.murphy","password":"NzqscYmlle2","birthday":"1982-08-23","started":"2014-04-07","ended":"2016-08-13","title":"VP Marketing","email":"betty.murphy@extjsdemo.com","skype":"bmurphy1e","linkedin":"betty.murphy","gender":"Female","phone":"1-322-555-0161","picture_gender":"women","picture_index":23,"picture":"api/portraits/women/23.jpg","actions":[{"id":"79d4fc18-18a2-4ab3-8e7c-d7ba428985ef","type":"phone","created":"2016-07-25 07:09:48"},{"id":"3a814fb3-f2ae-4bbf-9991-c61ac7a9a5cc","type":"phone","created":"2016-07-30 07:09:48"},{"id":"6902dca3-07b7-4bd3-809f-c4ed34bc73a1","type":"skype","created":"2016-08-09 01:09:48"},{"id":"19f44385-21c1-41ef-9aad-2f32a42529e8","type":"profile","created":"2016-07-05 10:09:48"},{"id":"44216b45-09ee-4811-8e7d-d721102b099d","type":"linkedin","created":"2016-07-30 07:09:48"},{"id":"300d2294-a47f-420d-954e-c3fe26fc9a15","type":"skype","created":"2016-07-21 08:09:48"},{"id":"1dd90d57-7d6b-477a-bd42-b8c703a360ba","type":"phone","created":"2016-07-20 14:09:48"},{"id":"38dbf3f0-e55b-41f6-9ad6-71377cb12fc1","type":"profile","created":"2016-07-18 23:09:48"},{"id":"15073203-0777-4f03-a556-7b0e6257b5e8","type":"profile","created":"2016-07-25 18:09:48"},{"id":"4232468b-2b74-44af-b5f1-e151164f1942","type":"email","created":"2016-07-12 00:09:48"}]}]
